"lat","lon","n_test","n_pos","ref","year","source","id"
7.7163889,-9.2686111,26,4,"Kerneis_Koivogui_2009",2000,"Basinski_pathogen",NA
8.966667,-10.516667,41,1,"Kerneis_Koivogui_2009",2000,"Basinski_pathogen",NA
7.368273797,-9.182514379,9,1,"Kerneis_Koivogui_2009",2000,"Basinski_pathogen",NA
7.721734525,-9.224964689,30,8,"Kerneis_Koivogui_2009",2000,"Basinski_pathogen",NA
7.346378,-8.955102,73,3,"Kerneis_Koivogui_2009",2000,"Basinski_pathogen",NA
8.638230041,-10.33170493,33,5,"Kerneis_Koivogui_2009",2000,"Basinski_pathogen",NA
7.731118438,-8.588210029,6,0,"Kerneis_Koivogui_2009",2000,"Basinski_pathogen",NA
7.731118438,-8.588210029,21,7,"Kerneis_Koivogui_2009",2000,"Basinski_pathogen",NA
7.987612064,-8.397183631,11,1,"Kerneis_Koivogui_2009",2000,"Basinski_pathogen",NA
8.362968589,-10.60763195,23,1,"Kerneis_Koivogui_2009",2000,"Basinski_pathogen",NA
7.85623728,-8.566984874,51,16,"Kerneis_Koivogui_2009",2000,"Basinski_pathogen",NA
8.825908303,-10.43176638,40,2,"Kerneis_Koivogui_2009",2000,"Basinski_pathogen",NA
7.311970319,-9.012713136,29,4,"Kerneis_Koivogui_2009",2000,"Basinski_pathogen",NA
8.009507861,-8.582145699,37,2,"Kerneis_Koivogui_2009",2000,"Basinski_pathogen",NA
7.358889884,-9.264382835,12,0,"Kerneis_Koivogui_2009",2000,"Basinski_pathogen",NA
7.731118438,-8.588210029,19,0,"Kerneis_Koivogui_2009",2000,"Basinski_pathogen",NA
8.506855257,-10.20738617,26,1,"Kerneis_Koivogui_2009",2000,"Basinski_pathogen",NA
8.09709105,-8.506341573,40,4,"Kerneis_Koivogui_2009",2000,"Basinski_pathogen",NA
7.293202492,-9.109742417,53,10,"Kerneis_Koivogui_2009",2000,"Basinski_pathogen",NA
7.624767423,-8.400215796,35,2,"Kerneis_Koivogui_2009",2000,"Basinski_pathogen",NA
7.890644961,-8.333508165,36,15,"Kerneis_Koivogui_2009",2000,"Basinski_pathogen",NA
8.506855257,-10.20738617,51,2,"Kerneis_Koivogui_2009",2000,"Basinski_pathogen",NA
8.506855257,-10.20738617,32,2,"Kerneis_Koivogui_2009",2000,"Basinski_pathogen",NA
7.590359741,-8.542727553,25,2,"Kerneis_Koivogui_2009",2000,"Basinski_pathogen",NA
7.734246409,-8.32441167,47,1,"Kerneis_Koivogui_2009",2000,"Basinski_pathogen",NA
8.478703517,-10.06790657,51,7,"Kerneis_Koivogui_2009",2000,"Basinski_pathogen",NA
7.421449305,-9.412958922,8,2,"Kerneis_Koivogui_2009",2000,"Basinski_pathogen",NA
8.600694388,-10.45299153,50,4,"Kerneis_Koivogui_2009",2000,"Basinski_pathogen",NA
7.487136697,-9.26135067,49,3,"Kerneis_Koivogui_2009",2000,"Basinski_pathogen",NA
7.731118438,-8.588210029,13,2,"Kerneis_Koivogui_2009",2000,"Basinski_pathogen",NA
9.84,-11.03,47,20,"Lukashevich_Clegg_1993",1990,"Basinski_pathogen",NA
9.88,-10.75,130,33,"Lukashevich_Clegg_1993",1990,"Basinski_pathogen",NA
9.72,-10.88,182,76,"Lukashevich_Clegg_1993",1990,"Basinski_pathogen",NA
9.97,-10.7,61,20,"Lukashevich_Clegg_1993",1990,"Basinski_pathogen",NA
8.56,-10.03,51,28,"Lukashevich_Clegg_1993",1990,"Basinski_pathogen",NA
8.5,-10.6,112,32,"Lukashevich_Clegg_1993",1990,"Basinski_pathogen",NA
8.7,-10.37,116,47,"Lukashevich_Clegg_1993",1990,"Basinski_pathogen",NA
8.48,-10.44,83,31,"Lukashevich_Clegg_1993",1990,"Basinski_pathogen",NA
8.75,-10.3,97,33,"Lukashevich_Clegg_1993",1990,"Basinski_pathogen",NA
8.47,-10.43,80,24,"Lukashevich_Clegg_1993",1990,"Basinski_pathogen",NA
9.88,-12.45,171,59,"Lukashevich_Clegg_1993",1990,"Basinski_pathogen",NA
7.62,-8.55,109,28,"Lukashevich_Clegg_1993",1990,"Basinski_pathogen",NA
7.71,-8.52,59,11,"Lukashevich_Clegg_1993",1990,"Basinski_pathogen",NA
7.58,-8.5,190,63,"Lukashevich_Clegg_1993",1990,"Basinski_pathogen",NA
11.57,-9.32,150,27,"Lukashevich_Clegg_1993",1990,"Basinski_pathogen",NA
7.72,-9.27,138,42,"Lukashevich_Clegg_1993",1990,"Basinski_pathogen",NA
7.66,-9.26,183,46,"Lukashevich_Clegg_1993",1990,"Basinski_pathogen",NA
7.56,-9.26,120,31,"Lukashevich_Clegg_1993",1990,"Basinski_pathogen",NA
11.1166667,-12.3,165,10,"Lukashevich_Clegg_1993",1990,"Basinski_pathogen",NA
11.3166667,-12.2833333,111,8,"Lukashevich_Clegg_1993",1990,"Basinski_pathogen",NA
12.0833333,-12.3,147,8,"Lukashevich_Clegg_1993",1990,"Basinski_pathogen",NA
12.0833333,-12.3666667,29,1,"Lukashevich_Clegg_1993",1990,"Basinski_pathogen",NA
11.6,-9.3833333,168,13,"Lukashevich_Clegg_1993",1990,"Basinski_pathogen",NA
11.3,-9.35,100,5,"Lukashevich_Clegg_1993",1990,"Basinski_pathogen",NA
11.3666667,-14.35,102,5,"Lukashevich_Clegg_1993",1990,"Basinski_pathogen",NA
10.3666667,-14.3,160,6,"Lukashevich_Clegg_1993",1990,"Basinski_pathogen",NA
11.5666667,-9.3166667,150,27,"Lukashevich_Clegg_1993",1990,"Basinski_pathogen",NA
8.642101563,-10.36472682,65,31,"Lukashevich_Clegg_1993",1990,"Basinski_pathogen",NA
9.18,-11.93,118,17,"McCormick_Webb_1987",1977,"Basinski_pathogen",NA
9.5,-12.23,88,9,"McCormick_Webb_1987",1977,"Basinski_pathogen",NA
8.23,-11.07,617,62,"McCormick_Webb_1987",1977,"Basinski_pathogen",NA
8.23,-11.07,157,17,"McCormick_Webb_1987",1977,"Basinski_pathogen",NA
8.1,-11.02,733,271,"McCormick_Webb_1987",1977,"Basinski_pathogen",NA
8.22,-11.07,578,87,"McCormick_Webb_1987",1977,"Basinski_pathogen",NA
8.22,-11.03,285,37,"McCormick_Webb_1987",1977,"Basinski_pathogen",NA
8.12,-11,105,16,"McCormick_Webb_1987",1977,"Basinski_pathogen",NA
8,-11.07,1075,204,"McCormick_Webb_1987",1977,"Basinski_pathogen",NA
8.23,-11.05,242,48,"McCormick_Webb_1987",1977,"Basinski_pathogen",NA
8.22,-11.05,217,113,"McCormick_Webb_1987",1977,"Basinski_pathogen",NA
8.22,-11.05,402,125,"McCormick_Webb_1987",1977,"Basinski_pathogen",NA
8.02,-10.87,372,141,"McCormick_Webb_1987",1977,"Basinski_pathogen",NA
7.8261111,-12.0152778,109,9,"McCormick_Webb_1987",1977,"Basinski_pathogen",NA
10.25816667,-2.626,70,4,"Nimo-Paintsil_Fichet-Calvet_2019",2010,"Basinski_pathogen",NA
9.547,-1.6325,70,0,"Nimo-Paintsil_Fichet-Calvet_2019",2010,"Basinski_pathogen",NA
10.395,-0.366,70,2,"Nimo-Paintsil_Fichet-Calvet_2019",2010,"Basinski_pathogen",NA
8.347166667,-0.345833333,70,2,"Nimo-Paintsil_Fichet-Calvet_2019",2010,"Basinski_pathogen",NA
7.122666667,-2.327666667,70,0,"Nimo-Paintsil_Fichet-Calvet_2019",2010,"Basinski_pathogen",NA
6.176,-1.792666667,31,5,"Nimo-Paintsil_Fichet-Calvet_2019",2010,"Basinski_pathogen",NA
6.4495,-0.851833333,67,10,"Nimo-Paintsil_Fichet-Calvet_2019",2010,"Basinski_pathogen",NA
10.61933333,-1.421833333,70,2,"Nimo-Paintsil_Fichet-Calvet_2019",2010,"Basinski_pathogen",NA
7.9685,-1.663166667,69,2,"Nimo-Paintsil_Fichet-Calvet_2019",2010,"Basinski_pathogen",NA
7.674166667,-0.633,70,7,"Nimo-Paintsil_Fichet-Calvet_2019",2010,"Basinski_pathogen",NA
10.58917,-7.155833,200,88,"Sogoba_Rosenke_2016",2015,"Basinski_pathogen",NA
10.38306,-7.151667,200,29,"Sogoba_Rosenke_2016",2015,"Basinski_pathogen",NA
10.52389,-7.248056,200,82,"Sogoba_Rosenke_2016",2015,"Basinski_pathogen",NA
7.689,-9.428,553,45,"Yalley-Ogunro_Frame_1984",1980,"Basinski_pathogen",NA
7.59,-9.35,212,2,"Yalley-Ogunro_Frame_1984",1980,"Basinski_pathogen",NA
7.91,-9.52,421,18,"Yalley-Ogunro_Frame_1984",1980,"Basinski_pathogen",NA
7.797,-9.716,392,12,"Yalley-Ogunro_Frame_1984",1980,"Basinski_pathogen",NA
8.36,-10.206,85,12,"Yalley-Ogunro_Frame_1984",1981,"Basinski_pathogen",NA
8.459,-10.167,138,7,"Yalley-Ogunro_Frame_1984",1981,"Basinski_pathogen",NA
6.212,-10.388,47,2,"Yalley-Ogunro_Frame_1984",1980,"Basinski_pathogen",NA
8.2,-11.2166667,49,0,"Fraser_Campbell_1974",1970,"Basinski_pathogen",NA
8.45,-11.2833333,206,16,"Fraser_Campbell_1974",1970,"Basinski_pathogen",NA
6.73994,9.0281,213,6,"https://doi.org/10.5281/zenodo.17725054",2024,"Updated_pathogen",NA
6.70949,8.20704,211,4,"https://doi.org/10.5281/zenodo.17725054",2024,"Updated_pathogen",NA
6.69646,8.20908,238,2,"https://doi.org/10.5281/zenodo.17725054",2024,"Updated_pathogen",NA
6.74776,9.04318,210,8,"https://doi.org/10.5281/zenodo.17725054",2024,"Updated_pathogen",NA
6.70855,8.23289,206,5,"https://doi.org/10.5281/zenodo.17725054",2024,"Updated_pathogen",NA
6.20061,8.42753,138,5,"https://doi.org/10.5281/zenodo.17725054",2024,"Updated_pathogen",NA
6.19731,8.43092,231,13,"https://doi.org/10.5281/zenodo.17725054",2024,"Updated_pathogen",NA
6.15671,8.42628,223,16,"https://doi.org/10.5281/zenodo.17725054",2024,"Updated_pathogen",NA
6.73367,9.04194,179,2,"https://doi.org/10.5281/zenodo.17725054",2024,"Updated_pathogen",NA
7.762661,-11.36658,156,8,"https://doi.org/10.1371/journal.pntd.0010938",2016,"Updated_pathogen",NA
8.098046,-10.970994,165,32,"https://doi.org/10.1371/journal.pntd.0010938",2016,"Updated_pathogen",NA
8.231721,-10.890665,156,30,"https://doi.org/10.1371/journal.pntd.0010938",2016,"Updated_pathogen",NA
8.154537,-11.17158,184,8,"https://doi.org/10.1371/journal.pntd.0010938",2016,"Updated_pathogen",NA
8.282319,-11.379355,173,12,"https://doi.org/10.1371/journal.pntd.0010938",2016,"Updated_pathogen",NA
8.104974,-11.055531,180,64,"https://doi.org/10.1371/journal.pntd.0010938",2016,"Updated_pathogen",NA
7.616507,-11.446048,203,43,"https://doi.org/10.1371/journal.pntd.0010938",2016,"Updated_pathogen",NA
8.231582,-11.343562,170,4,"https://doi.org/10.1371/journal.pntd.0010938",2016,"Updated_pathogen",NA
8.175211,-11.20012,96,78,"https://doi.org/10.1371/journal.pntd.0010938",2016,"Updated_pathogen",NA
7.630865,-11.11798,142,0,"https://doi.org/10.1371/journal.pntd.0010938",2016,"Updated_pathogen",NA
8.061616,-10.996173,137,20,"https://doi.org/10.1371/journal.pntd.0010938",2016,"Updated_pathogen",NA
7.995187,-11.083379,177,10,"https://doi.org/10.1371/journal.pntd.0010938",2016,"Updated_pathogen",NA
8.106163,-11.010608,119,49,"https://doi.org/10.1371/journal.pntd.0010938",2016,"Updated_pathogen",NA
8.323698,-11.370818,238,33,"https://doi.org/10.1371/journal.pntd.0010938",2016,"Updated_pathogen",NA
7.907588,-11.085342,223,1,"https://doi.org/10.1371/journal.pntd.0010938",2016,"Updated_pathogen",NA
7.892324,-11.131801,119,2,"https://doi.org/10.1371/journal.pntd.0010938",2016,"Updated_pathogen",NA
8.274488,-11.074731,203,169,"https://doi.org/10.1371/journal.pntd.0010938",2016,"Updated_pathogen",NA
7.898208,-11.046249,240,16,"https://doi.org/10.1371/journal.pntd.0010938",2016,"Updated_pathogen",NA
7.847216,-11.117803,203,0,"https://doi.org/10.1371/journal.pntd.0010938",2016,"Updated_pathogen",NA
8.051014,-10.968487,96,10,"https://doi.org/10.1371/journal.pntd.0010938",2016,"Updated_pathogen",NA
8.174653,-11.085466,239,84,"https://doi.org/10.1371/journal.pntd.0010938",2016,"Updated_pathogen",NA
7.744658,-11.04871,57,24,"https://doi.org/10.1371/journal.pntd.0010938",2016,"Updated_pathogen",NA
7.757858,-11.078438,234,19,"https://doi.org/10.1371/journal.pntd.0010938",2016,"Updated_pathogen",NA
7.769912,-11.041639,132,6,"https://doi.org/10.1371/journal.pntd.0010938",2016,"Updated_pathogen",NA
7.953218,-11.31145,232,9,"https://doi.org/10.1371/journal.pntd.0010938",2016,"Updated_pathogen",NA
7.712857,-11.388466,156,14,"https://doi.org/10.1371/journal.pntd.0010938",2016,"Updated_pathogen",NA
8.048327,-11.033974,176,62,"https://doi.org/10.1371/journal.pntd.0010938",2016,"Updated_pathogen",NA
8.186889,-11.200752,131,12,"https://doi.org/10.1371/journal.pntd.0010938",2016,"Updated_pathogen",NA
7.80875,-11.368307,215,110,"https://doi.org/10.1371/journal.pntd.0010938",2016,"Updated_pathogen",NA
8.12103,-11.009368,216,111,"https://doi.org/10.1371/journal.pntd.0010938",2016,"Updated_pathogen",NA
8.698279,-13.239524,120,0,"https://doi.org/10.1371/journal.pntd.0010938",2016,"Updated_pathogen",NA
8.691447,-12.692198,84,9,"https://doi.org/10.1371/journal.pntd.0010938",2016,"Updated_pathogen",NA
8.725511,-12.959058,64,14,"https://doi.org/10.1371/journal.pntd.0010938",2016,"Updated_pathogen",NA
8.760678,-12.472747,82,61,"https://doi.org/10.1371/journal.pntd.0010938",2016,"Updated_pathogen",NA
8.870712,-12.513812,132,40,"https://doi.org/10.1371/journal.pntd.0010938",2016,"Updated_pathogen",NA
8.896977,-12.836979,38,3,"https://doi.org/10.1371/journal.pntd.0010938",2016,"Updated_pathogen",NA
8.868382,-12.477709,61,3,"https://doi.org/10.1371/journal.pntd.0010938",2016,"Updated_pathogen",NA
8.900728,-12.508055,59,9,"https://doi.org/10.1371/journal.pntd.0010938",2016,"Updated_pathogen",NA
8.941122,-12.857576,114,36,"https://doi.org/10.1371/journal.pntd.0010938",2016,"Updated_pathogen",NA
8.470298,-12.655005,108,40,"https://doi.org/10.1371/journal.pntd.0010938",2016,"Updated_pathogen",NA
8.475743,-12.648131,84,0,"https://doi.org/10.1371/journal.pntd.0010938",2016,"Updated_pathogen",NA
8.907392,-12.875606,82,3,"https://doi.org/10.1371/journal.pntd.0010938",2016,"Updated_pathogen",NA
8.562514,-13.130782,81,0,"https://doi.org/10.1371/journal.pntd.0010938",2016,"Updated_pathogen",NA
8.566092,-13.143895,156,0,"https://doi.org/10.1371/journal.pntd.0010938",2016,"Updated_pathogen",NA
8.713723,-12.969454,95,9,"https://doi.org/10.1371/journal.pntd.0010938",2016,"Updated_pathogen",NA
8.920821,-12.855978,189,0,"https://doi.org/10.1371/journal.pntd.0010938",2016,"Updated_pathogen",NA
8.922138,-12.857411,143,5,"https://doi.org/10.1371/journal.pntd.0010938",2016,"Updated_pathogen",NA
8.579579,-13.143377,112,2,"https://doi.org/10.1371/journal.pntd.0010938",2016,"Updated_pathogen",NA
8.726211,-12.687446,34,14,"https://doi.org/10.1371/journal.pntd.0010938",2016,"Updated_pathogen",NA
9.014186,-12.827678,155,11,"https://doi.org/10.1371/journal.pntd.0010938",2016,"Updated_pathogen",NA
8.791904,-12.843518,95,35,"https://doi.org/10.1371/journal.pntd.0010938",2016,"Updated_pathogen",NA
8.731459,-12.719125,59,3,"https://doi.org/10.1371/journal.pntd.0010938",2016,"Updated_pathogen",NA
8.883433,-12.493767,60,6,"https://doi.org/10.1371/journal.pntd.0010938",2016,"Updated_pathogen",NA
8.7068,-13.239553,35,7,"https://doi.org/10.1371/journal.pntd.0010938",2016,"Updated_pathogen",NA
8.914929,-12.856997,36,12,"https://doi.org/10.1371/journal.pntd.0010938",2016,"Updated_pathogen",NA
8.584283,-11.427915,72,5,"https://doi.org/10.1371/journal.pntd.0010938",2016,"Updated_pathogen",NA
8.773874,-11.852921,98,6,"https://doi.org/10.1371/journal.pntd.0010938",2016,"Updated_pathogen",NA
8.757046,-11.966604,71,22,"https://doi.org/10.1371/journal.pntd.0010938",2016,"Updated_pathogen",NA
8.643569,-11.502716,120,106,"https://doi.org/10.1371/journal.pntd.0010938",2016,"Updated_pathogen",NA
8.685366,-11.931459,129,13,"https://doi.org/10.1371/journal.pntd.0010938",2016,"Updated_pathogen",NA
8.63644,-11.831444,96,2,"https://doi.org/10.1371/journal.pntd.0010938",2016,"Updated_pathogen",NA
8.785286,-11.871397,65,6,"https://doi.org/10.1371/journal.pntd.0010938",2016,"Updated_pathogen",NA
8.860883,-11.813135,81,18,"https://doi.org/10.1371/journal.pntd.0010938",2016,"Updated_pathogen",NA
8.696487,-11.921544,113,15,"https://doi.org/10.1371/journal.pntd.0010938",2016,"Updated_pathogen",NA
8.668915,-11.922364,168,2,"https://doi.org/10.1371/journal.pntd.0010938",2016,"Updated_pathogen",NA
8.645331,-11.84615,142,14,"https://doi.org/10.1371/journal.pntd.0010938",2016,"Updated_pathogen",NA
8.757134,-11.886451,108,8,"https://doi.org/10.1371/journal.pntd.0010938",2016,"Updated_pathogen",NA
8.668719,-11.883029,59,8,"https://doi.org/10.1371/journal.pntd.0010938",2016,"Updated_pathogen",NA
8.635849,-11.474979,120,22,"https://doi.org/10.1371/journal.pntd.0010938",2016,"Updated_pathogen",NA
8.468829,-12.205451,108,7,"https://doi.org/10.1371/journal.pntd.0010938",2016,"Updated_pathogen",NA
8.74794,-11.839153,131,6,"https://doi.org/10.1371/journal.pntd.0010938",2016,"Updated_pathogen",NA
8.714903,-11.902135,168,0,"https://doi.org/10.1371/journal.pntd.0010938",2016,"Updated_pathogen",NA
8.701285,-11.938828,100,0,"https://doi.org/10.1371/journal.pntd.0010938",2016,"Updated_pathogen",NA
8.6353,-11.902604,120,8,"https://doi.org/10.1371/journal.pntd.0010938",2016,"Updated_pathogen",NA
8.767533,-11.876654,119,1,"https://doi.org/10.1371/journal.pntd.0010938",2016,"Updated_pathogen",NA
8.73444,-11.903496,166,6,"https://doi.org/10.1371/journal.pntd.0010938",2016,"Updated_pathogen",NA
8.658053,-11.891744,120,19,"https://doi.org/10.1371/journal.pntd.0010938",2016,"Updated_pathogen",NA
8.696331,-11.921455,167,4,"https://doi.org/10.1371/journal.pntd.0010938",2016,"Updated_pathogen",NA
8.634413,-11.445015,144,0,"https://doi.org/10.1371/journal.pntd.0010938",2016,"Updated_pathogen",NA
8.741888,-11.89697,120,5,"https://doi.org/10.1371/journal.pntd.0010938",2016,"Updated_pathogen",NA
8.757152,-11.886355,120,36,"https://doi.org/10.1371/journal.pntd.0010938",2016,"Updated_pathogen",NA
8.631235,-11.700727,171,0,"https://doi.org/10.1371/journal.pntd.0010938",2016,"Updated_pathogen",NA
10.21683,-10.68877,234,165,"https://doi.org/10.1093/infdis/jiaf308",2014,"Updated_pathogen",NA
10.14317,-10.60505,211,168,"https://doi.org/10.1093/infdis/jiaf308",2014,"Updated_pathogen",NA
9.80683,-10.86327,203,181,"https://doi.org/10.1093/infdis/jiaf308",2014,"Updated_pathogen",NA
10.05678,-10.66583,213,189,"https://doi.org/10.1093/infdis/jiaf308",2014,"Updated_pathogen",NA
9.91272,-10.79813,235,216,"https://doi.org/10.1093/infdis/jiaf308",2014,"Updated_pathogen",NA
9.95,-10.73333,210,156,"https://doi.org/10.1093/infdis/jiaf308",2014,"Updated_pathogen",NA
6.626215,3.55852,252,45,"https://​doi.​org/​10.​1186/​s12879-024-09954-1",2022,"Updated_pathogen",NA
6.4522,3.40406,500,0,"Constraint_Urban_Core",2025,"Synthetic_Constraint","Syn_Lagos_Island"
5.33973,-4.02512,500,0,"Constraint_Urban_Core",2025,"Synthetic_Constraint","Syn_Abidjan_Plateau"
5.55191,-0.20944,500,0,"Constraint_Urban_Core",2025,"Synthetic_Constraint","Syn_Accra_Osu"
9.6035,-13.62901,500,0,"Constraint_Urban_Core",2025,"Synthetic_Constraint","Syn_Conakry_Dixinn"
8.461,-13.229,500,0,"Constraint_Urban_Core",2025,"Synthetic_Constraint","Syn_Freetown_CBD"
